name,quantity,pricePerPound
Apple,10,100
Banana,20,50
Cherry,30,200
amMwWZdOof,36,881
cDbnKbUyoP,88,130
oURQRYSVNk,94,726
tzNyPWYzKm,39,763
VUaBJdhHLF,19,129
PcNnJUOVAI,42,113
HwgpMymeEe,70,207
rvwVKVmdyv,64,506
RkOQQzTimk,28,683
iIqmddEowx,99,339
WJNZJQxLyY,84,276
xYdQYjCZhR,94,147
rQuIlTzFvG,79,414
clkWcJuVYX,77,941
xCUvWyAQXE,70,874
meyZodIrsD,94,119
hdTEeKLqCf,63,645
yYSocXlYsg,8,429
K,3,460
myClAmVDiG,21,755
gVYGCkhOte,9,882
xGqJtXnFbf,8,355
zUPbAazqxU,37,982
jpRBkZnyQi,64,165
DvqlsvbzHG,16,187
NroHHVNWRi,90,230
cIfwseXGsJ,95,568
YBMxvxLPuv,85,460
LPhSnDDVnW,55,434
MpjPhwOCCX,54,641
vmOZoybhZu,87,703
GqVFFiJUin,92,277
DatAjpxgGO,59,805
LHnnhzKLaB,8,973
tYsGApvTjo,62,285
EkFsBxOkZy,30,639
xsqfySVdzv,93,910
PeaW,33,259
VlQjIGvdQv,75,278
bQpYQdsxyY,61,587
bteVyBkKkL,17,921
YmbsajfBmk,2,610
NvQEdzNyeX,53,418
LtSsoBUrYG,24,581
HWCDFcwdOH,98,852
cHakyNDTLY,48,695
PRctUgmPUX,51,852
EYcVvWGjZy,74,945
JvphkFTGqY,18,749
zMWAQKTyMs,67,764
LtCXsPMNbz,82,701
stLaLuEzjl,55,405
peBklGTfFp,72,253
QqMOSaMBPN,87,494
NXVwuJkcQc,55,199
iWgRVbmJwY,84,114
KaNJhSawip,49,279
AmITIzsvRh,37,416
fIEADDtnfp,1,475
QJOIoRIttm,12,261
K,44,319
cwnTcACqpR,2,545
aEreEubceS,22,766
eJJdtOgzye,80,139
qUGpbNWcOg,26,616
kNvsAcNOhb,57,523
qmpYLXehRl,84,696
xktrZAyUgR,29,467
WGYWkxOUAp,10,734
eaFvJSAdDK,94,340
iCbMSToUGH,27,720
BfnEfeNLlN,59,908
cDbRfSqOab,21,125
xWbNIMoMKk,83,767
FfLktCdgFs,44,358
vlLtPJWRgx,55,399
mIcYjQgphS,44,727
VADYkjeBnG,90,521
GFrQG,90,973
iipOJioAFw,39,430
PUgMJaTDeW,95,173
DjSjFSgogi,76,907
XUXeu,91,703
OTxcqhVZgg,11,498
RBxRflnLsK,15,433
f,49,225
QdfulTTezu,71,710
ZvPbx,14,195
USpdPeNtku,42,265
i,24,403
WgDjSvpJnI,20,290
LcXZxiYHSv,60,467
ZKZTNByBxW,21,423
IluzheYFnm,30,432
lWuydJRwXJ,23,779
PCuJeUmQlC,82,837
dBCLXoTkzi,76,860
vIQjssSZRt,16,312
RMtYrLGnpF,75,654
EsyGMxgYBP,8,163
bjTwMkQkjs,17,578
qsNQoYuerM,48,682
fxKTMGgDrF,91,163
wZijguJVxZ,7,298
lGhmhunJoU,46,968
edzYOwuOGC,77,256
EzIVBOSTGs,98,876
OXY,56,186
nlDJvSdkvJ,62,619
GwlQJVbOEQ,56,784
QILGcnuQCl,65,101
XCJDFJPTrc,76,573
rRzcUuZnrw,43,635
rNkUPDhgNa,36,748
iXkEXLuATs,92,876
AGSRwrImXp,21,691
JARVctJKLS,14,701
FSyCLWDYGZ,59,450
DUDoVMIZLP,20,607
udnwGidmwx,69,886
wmmaROzFWr,100,912
KHNRViFsYU,29,717
ZrjXFPdJLZ,23,992
lFqRPkdPNa,46,273
elYzKfB,91,231
OodgtcgTih,84,567
CQOSohyyPB,86,524
ZWwIwcJpnT,28,762
UznVGYCzOv,63,716
SWunxCzHVc,73,651
LWJidpnwfQ,6,751
mnOMPaxWcK,25,630
sTyIMMXGXW,89,798
nGqgdtwTvV,33,537
letLRKNIvk,13,641
GUyeKyt,31,664
ZEqcqXuHkL,6,548
WWbvTcziDR,79,386
YwOGKtjqmg,71,939
DgOtUxTvVs,95,265
sAdiAjirL,57,601
qA,21,431
VuWkwVQBze,73,880
nghm,98,447
SOxHWZBEsG,55,313
ukGFVCqafZ,35,740
VRVDsiLrda,62,444
sVcrwyvQuG,89,183
wkgysirHyn,86,371
bzHxuXyVmZ,86,567
HpqGHcwVfe,93,170
ymWDWTnnTX,46,163
MSMMafmwPB,46,392
PGuWdVinbk,25,511
hroqDsTMwA,52,264
YMOhYyRVUo,9,379
eEXEZOfYDZ,54,883
lpQpQMhuHt,50,243
vSPurQkDHO,71,229
LRxOcKwcYY,71,229
UrSlpbfvll,22,161
FmzlDfRZGb,53,749
xOaJYezaMW,12,961
djqDueLbuP,82,221
TcDeI,71,375
DEQMreQIcC,91,345
feIyZfozSf,26,750
YsjPuLEIKJ,56,111
qlaoroNDeW,17,157
vxzIxKBbDC,39,823
YaaAxigvhx,11,125
MswKPRMjjn,41,332
PRpKbzVStS,41,134
VAoUUXZmGy,80,173
mjTtheCNmE,5,312
rCiyBXRcZE,35,889
vvrGavruBh,32,896
FfYRAqwjpD,78,531
QPBTryOUYH,71,650
xmvcjJPAkt,49,340
FtimbKjWSt,44,152
nspHdjNwhZ,6,578
SWByJFbLug,41,202
NTiWPDLJYJ,92,848
PxOOhkGvrj,81,244
vmzrTYMKKz,61,131
cMwFAGlrqd,4,454
VlGROgsbun,28,707
OBcBeZMqIV,72,843
sfIxdUaESr,76,732
AuffTGSBkP,97,123
ocOarDHqFr,70,889
LRfOTHJaeQ,17,518
iNPGTd,11,864
pVTFDCchcl,70,453
SRaviAvVpB,28,454
aBiumYjuSu,13,821
TlYOWGImrC,27,918
IxfqrzHggd,1,929
iqK,22,738
wJvoBvJbXf,22,999
uAlwYIiGsm,48,612
btrNMMjhOR,15,484
HgJmPAFZOF,18,959
VDYhqBRoZX,3,160
STLZKYhoOS,35,142
CGhAgXCavf,12,668
fmTHdqkvYV,80,954
LwSOfvpoSF,85,817
thvNsdMYaH,50,643
dGkQvVuSdp,21,184
ZidyZBeUWn,88,770
bjCyisgYfM,80,283
yeJDlkDigT,17,703
yimHBfebnJ,60,698
BKGjZeFopp,57,822
YSUNCJXK,18,321
SQsMZHVXbp,40,850
nCBwUOmkYJ,15,660
YtaXqAORpl,45,331
YPDgCRoOlD,65,723
lsrTWSmgDk,83,256
avUfltYf,16,586
BZbgBDdujT,23,810
rjZYK,6,587
uPDulYDxzx,37,156
bRAkBbXdoV,51,469
IfAxiH,87,754
ICEqxdzilQ,31,945
qxzIzNVkvD,77,741
UXuFoHEoRP,92,656
PTXCgfDDIt,16,964
lxMfhRnEpi,38,810
BwmkXWXgRw,7,768
kqBOyGxbwd,26,746
yJ,13,299
WeIwwPxwaZ,76,140
AdJOOinBCC,13,240
UloJWIBZOq,51,439
qOOqoaDefx,12,740
iLubpqSbQe,26,392
wlozjasqZT,55,559
jcHHjmSA,44,397
OwptghDicR,69,844
vkOizlH,90,173
hbbAUXXgCM,37,699
svIylntyKL,100,471
DLt,65,697
jlTrFNPBwr,11,137
agWBrIyGrS,88,850
VEDUhldCuR,61,551
HicloiCxaf,73,933
ZhfBmCX,51,317
loyrqqUOpK,71,924
UQcqhJHqyb,33,960
ReiMxTowXr,81,613
jRanRcaZEL,31,237
MDtCzfrTPv,36,212
kCLwAuKiRs,42,602
iajHgMcEzx,61,795
AyNCvQJRdn,82,402
UgGJtAphOn,27,559
rdIbRbtYRF,35,866
BmdDOnurzt,26,845
ZsdFqFDNiK,97,646
vGcmHUZvNM,12,357
KGGDkthamB,58,303
vOPNdJdRfD,7,932
EuXmyMEEqJ,75,597
sCvREKHrRP,93,262
XSiUtATOMD,70,230
EQx,23,708
YkeUPNwnYb,62,292
otpsaUqXtr,7,626
GMOvdXDNUR,77,261
heehynQIe,99,268
ZsdRTDtETC,26,701
MBTUiJGXdm,1,334
wScBJmnGiW,57,214
zTmvUdVhnr,90,940
DWHqmkAuDV,54,547
gMnVlfS,51,172
HXzVVTFMTk,91,585
cmeiMEUQqn,26,100
zmHMtktKQI,39,514
sMhoEZoleM,62,987
CBQTkHSGgP,14,907
vUsySQNtBP,32,432
khLyMiPNLf,24,778
zPXjsRoJDm,82,216
ZgBICnfOPR,35,120
vwRomlBYLi,91,880
jeJTPthnFk,56,386
jEmsmFRiIL,71,865
KeOajBDfrf,3,115
kgwDhULXmE,35,116
vdUFumEbCl,91,770
nWvsFqkeTE,88,387
WgvzWtLYgS,53,795
uZbZhGKplD,42,221
PSeYfINjjh,100,230
BBnZovxMbJ,46,331
UnrTeVvgEU,63,533
vBpcnDbUVv,1,740
DYBDTXcOSl,17,293
lZdgRQilXY,20,857
YHcgsjAHoL,34,611
VFdfDFBHPm,75,249
SoUYgIOQsr,71,635
kKeefEIFEr,53,629
qnAZEftsAW,62,693
pOlYTXoBHx,69,295
nrFMnudAgj,47,551
iFxFiFiRhR,63,834
iQHWTQDckB,55,804
MJgsyAdYHs,91,755
tGbXKINbHY,55,392
DYPeShMrPY,11,448
NvUaxoWmQd,21,672
AeqlPAnoMW,31,199
apJPyFnSFm,68,808
OTkZHoRBfT,85,997
LzdBKYTYqj,53,650
ZXRLGRQQCi,69,102
MvIFWPcgvp,72,826
XSCFNnwegp,15,106
VSMypOmQRB,44,517
hxwLxtXxTz,4,969
SmOLEFwESI,44,253
htDdKSWHby,33,170
MIOYxNVQdR,28,329
DfqERMKKff,98,761
gKZnslIOeb,11,794
FCDVZzHJaP,50,254
PgWvfzXvMW,79,354
XNGezsNPBA,86,842
xgvZQyxoLq,28,540
sbLQycqVRc,23,764
AQUHdCxoRB,79,922
nfOtySHBME,99,587
OLKkEawvGF,11,888
WWCiW,98,117
LOxAnAtXHX,11,649
TCcrWAFrdC,88,348
lmDEdjnLEx,9,863
MOZJAOyVfa,82,158
UuZllAwiZF,81,997
QJUeKUAHfi,38,734
HhJTJhFYev,12,350
oAP,90,637
IDLUoCNbVl,32,122
OGhoHdPYcd,55,191
kAtTZEavKb,64,764
gAhkLddIFT,92,959
rQdbdssKQf,95,835
CebNvlsFcc,98,383
vkKgsfVQTo,89,765
UpHjiusAJI,95,811
LoddgnKYdF,59,499
iTzhiRKIHz,71,288
gSrMAglJhx,10,456
yMLXiHHBzF,67,162
GaOWDbAYqE,6,550
bpwQGSKTsG,54,447
ymNayRIzNt,97,146
sUcNDuTUaf,22,792
tTRbX,71,343
GvZuwzXRbz,64,987
HUtFyetZlT,66,480
KomOGSjQrx,100,822
erpMRZpoex,47,513
vmrfo,35,752
owSrkKaZrD,33,142
BcTPKFJlGs,13,832
QaXFjoGdWL,10,532
alFYnrAcrh,36,449
LY,61,241
EwyBwyhoai,53,332
MumnVUjqbe,96,959
vXtnDbGZcc,6,752
YDIePuNApS,73,869
wAlysYtWmL,79,226
GpcDcbAskc,67,884
GPVyYFAoVL,21,464
WgvQZoUAeU,48,823
TCZkaLzoqk,39,498
VRIvAtOjRr,84,643
MXacScTLcx,28,953
dTIgvOmwaN,68,840
CxJKPPdqFt,70,930
froWmbVRsh,60,989
ckXOquPbZK,100,119
JaoatLXAXh,4,755
bjOOpfrYD,53,474
fjdQGiEUVh,5,242
HACvJbAUKa,40,923
FZRHZlsWOj,66,991
ZlQuGEwEuK,81,973
LjZJ,23,910
XbtWRELpIp,27,698
qWgWMngoiq,32,165
jpAeZrzmxa,9,983
MWBvSHhyTx,39,999
hRGOlXZMxH,44,715
mCGFCCdNwr,10,743
fWRsZRxXMD,53,658
kYEKAXMBKx,46,188
fXUHGNNcMn,50,863
rIshlkUEZi,11,463
rUNFAfiQgV,15,222
wGwVRTCZlx,29,884
GiajYaEhUB,85,586
BKfsJGIzqZ,97,382
OgoveCLPvP,84,993
TluwCgzrNw,22,901
XWDhEwuPwI,90,159
PisffzyKXV,77,597
EoKbUGYUEJ,71,390
TXZL,37,250
SlnoAGWsUm,33,402
JtFGoNNoZY,86,253
LsWNIamhgR,4,158
LgFwCkadxd,95,844
ZweXyqwUjf,75,322
gcOhmTgZup,50,752
wzplSSXQpk,29,404
dJOKOqeUaS,71,192
dLloPuoPvA,91,342
KRajGyVkyC,87,769
GFDpBoezqQ,45,494
TIUCPAyZTs,94,994
PKnCFHsiGs,83,478
GMvepWRcBQ,4,795
NDQOcmdBzq,13,468
zajAfqCflZ,26,422
tujisSHYzs,12,963
fysNswSuac,3,741
JyaTtFCvtY,27,498
KohyMiPRPY,33,230
npQZzWmoXy,72,471
uSiGDtdHfB,88,712
gwmiwAVMaP,5,502
KtAIFFnU,24,721
WBDJQVmCPs,33,537
kZiRgmdlvU,33,718
ku,10,198
SKlhuOEVwK,61,107
MzqnlgvPSb,54,514
DabtRPMBJz,15,275
NUJJXuEgwx,15,591
GfyWDHuTqa,31,661
PJkPGmyuni,16,401
eRJdwaKbIU,8,764
DYaDFTwXNY,56,781
TMKFDRUeDg,17,165
yLjAAeVbhQ,46,769
TxEKpoYJjM,51,849
tkbYMoEPYm,45,195
UYSyNggiMk,65,650
VqusvHvqQL,36,368
bBrIBEAceq,74,512
oWiGhWAMRo,30,585
AqnqFnMNwZ,7,324
cKwxGobtYD,74,804
jZJVWnPCWG,66,876
wazEz,56,968
WzePPpUvKH,57,522
NVEnldNBYw,34,185
mItGWewDkg,4,289
NsLcLrVZHN,79,527
YJQOkLxNZQ,67,510
SpXEuQYjfX,19,805
BxueqkrDmh,2,630
kIJicOhaFs,67,987
tgPAwoFGgU,24,560
AQViWUkJzF,57,352
MTYKcZYOxC,14,962
fpFZohuOad,64,184
nPMQFhjDHw,44,942
ZKqeURzulz,26,632
g,25,866
IHOBoBpMbJ,16,390
uetoaXzAhj,33,314
RxsCWLxlBD,58,167
WNGdcOQ,51,625
eGFxCzAInK,26,618
THKDRwzUKb,81,632
ySjgZFAOnj,26,829
UDdVpXfWCU,74,107
KRPsKwrBZf,17,119
kFMhttAWaI,69,176
LStAMhBFlt,40,541
UYDLpSCUTv,79,596
JunlXsYPJs,72,515
kCFPOVjxyn,9,530
tZPZChPBQR,20,759
KnIFGFhDnc,93,249
tNDmyksqRk,39,791
FZeheZyPCc,86,804
zpiMQlSHwu,22,511
IpGBgGNNFO,49,788
XgkXKUHMqr,81,544
QuCguWIZsy,25,969
KcKHeevhCB,13,765
JyeUtSaFBH,94,703
XyaIneSOYb,25,920
STLWqXYaUW,11,242
UjXzZOhlBg,42,491
xLbgmUgqFI,18,634
LwJBOARDiL,82,446
kVDPJXyKjS,55,666
YjSTDi,5,952
LNrOKUgdwQ,53,638
lnkjFfBHhD,49,825
Dj,39,161
fgbkkNXQKq,41,508
qMfncrBAio,41,723
efxTeFldLz,37,558
NFLQFMXzNO,49,250
zOeNyAOdxx,22,217
tGMWwDvtlm,69,780
oaBVVCxQ,57,123
vuOZjyMqbP,24,277
kNrIvPJAVn,63,283
AgULlqFrTq,2,274
QrYHppppNy,69,525
lAXgYphMqW,12,508
SEllHCqFFB,67,214
XiHhICQisW,14,934
RoLKKRCj,54,359
ByeCrVNqSI,73,669
eCAPRTtPbc,77,754
REjZiFZeAP,58,815
qpMOAHIdly,88,954
fWswXXHLTq,26,325
AXugChVisB,23,999
uEmeNdlRHN,4,650
ToCu,61,249
TxDrOpRcLd,94,254
fdRqgkWfjR,68,522
FAXFMJHHhl,73,159
pZYEyjVcXO,92,878
uJYZmYsnFV,26,518
wYhqZCwUnw,66,440
AGrWOpYzeR,47,687
QweNGPfYaw,9,556
teqkwIjLZy,24,788
zbXyZJl,38,995
pKCqdwPMHf,75,809
YL,76,726
BgkgGUYLpo,94,562
SuBhFvakkz,57,190
DadPAygcgy,17,341
tWcswbuZxZ,28,705
JrHKdxIyjk,52,114
lwCOMkWzKU,78,671
mKTSPnPlEn,54,908
RecNyrcOqb,29,580
NMlNiEaxow,97,321
iJxqrmCdQV,65,187
BOmg,87,650
gFDRYXhYYV,69,533
JLSncUm,89,981
ofxwsEdMSH,70,510
BafoPNPkBX,83,438
OuMYsXzaeX,67,428
bdrnVtvFoi,40,196
viNCuGbjbh,39,719
YkaTVMxEbS,50,488
eNLVgS,76,553
rcxFjaSKeJ,77,651
ZRhNklfebw,54,192
zWqRHicDhr,89,197
BhIZUTSfDB,96,392
MPrxjfgYhm,46,578
WNSxyTHKpZ,14,474
UBeOOgfCFq,42,475
mcJYTGIxfo,52,607
gYKvLUjNlx,4,130
lOhsfJLWiZ,96,807
wreZXoOiwy,51,681
zoQQYVkhip,97,701
YycXZlUzSw,66,105
qgRMDemDpb,26,989
vSnMnNrdSf,77,395
ztheYAkgaj,62,303
KSLlBaNtxb,66,256
XwuQATGzCr,30,741
gqzJivRwRb,72,868
AbeWgtOE,28,977
GDSplkEAVw,68,573
rVkjoLHaWf,21,682
pltiAkAGsP,67,395
lrLNKzbOIj,79,899
RSBAIxjkEY,85,528
boefmbQjzO,75,210
oiCbiyvAWH,27,444
cCGylnCzxW,48,401
gTMZQjVQCc,91,754
FuhkrzZfsA,33,338
XlJMTuYveW,5,190
ojPCKBwAhm,57,376
QRrlBdVAqh,19,594
vijWOxukRa,72,266
JZjJAejNAX,86,249
OfkarBmEhJ,94,715
LEcMzhTbbF,81,512
ApVbKJqvFu,9,541
JoNnvlTJfw,55,403
gbcBidYxZh,60,313
fyaunmIyeC,7,463
LIbgxBsThq,60,980
LkACBvGNGd,49,614
dXKTaxmzvK,10,387
vOfkmeDikL,63,753
CfvNPybRfG,95,700
VdgepKqhzy,96,506
hkbiftCzCy,33,804
lAUPCXTWSw,90,727
EOvpwnxiie,35,230
YGDoIMPLEj,6,523
hrgfyIrnTu,41,509
vsVCPkfcWh,76,554
lRNLYtTPgE,76,134
MuktxKrGjZ,4,458
RrMriFMoFo,16,722
BrCvuQsbdr,57,753
mTtbZfhVTZ,69,256
ckwNaiB,42,161
tMUh,55,531
RBUCnmMjJK,76,580
FJgyJMEKGn,39,174
vsNoPldZKE,28,732
LgCxqyTHwl,81,482
uqNugNkMaL,30,481
tRPzvLATkG,26,385
EUxtQfaWOv,12,279
UZNvltohvA,99,459
UtPfXuDJhu,5,379
StolnHbldX,28,324
aWnknQmWlj,36,824
VrzhwHhpJq,20,467
MppmgNRNEs,10,699
QnVbdCIede,5,380
KUT,25,589
hJNklMndkD,48,984
hObNHjvZEb,67,187
ZWPFqsmJFa,33,602
UDczNRzKga,54,210
JHvereYvvm,40,949
mJHsSiOqDj,98,386
CFYPGtc,75,810
OhUqoJgmLv,71,497
GxwVdumJPI,100,742
ikspbQWtJd,85,409
OTqcLYGWaX,38,356
LsEGyyKTJs,59,208
YTXKTMiTgU,61,767
xEtAPoLRHj,9,642
NoehJFptCS,62,969
DuapwzaAlZ,34,105
IuvNlisWRn,62,831
FfIcydBqia,82,480
cdrSDSfeVx,51,245
bOBQdLjxeq,95,164
SBVlggOGSS,42,947
lcRHIOUvEo,32,663
nwVoLj,27,771
BCOpsipyMq,86,453
LxzcUjZGdI,6,632
tEcTwXa,27,794
UHDBhjJVUf,62,740
zZCBe,18,277
QQunJTNEMo,1,367
HnUupQOcGr,36,649
yhwdXbLhuN,20,223
MuLUoziGus,98,644
AovegSTjsQ,73,283
vJUItEyScR,1,346
SigvAOaLhB,43,197
LIXQpLQQuv,6,953
sYXkCQphLb,62,373
IwVTrtoBzC,35,472
WiWrcGUVVW,85,194
gsXjCHlTyB,48,609
OVzwDOpvUR,64,885
EvQKctTVoj,47,148
KyvlzbHXjE,77,362
iKvZAIXYmN,87,894
SEHRVZGsPf,8,268
AeUIgVoRf,8,713
FdKLDBtKVT,9,677
IbqyT,67,797
QLPGjvLUzI,90,747
CRncAwuLZD,77,767
pQGVAoQLTW,97,140
xhSUBQiGkX,93,501
TXMLYNyQuD,61,463
erPGf,74,596
vnvBwZffIf,12,619
sxeEnKCyEr,99,486
nHadFgVkWc,4,165
eTMDBuRGpj,81,645
TCH,22,641
PQ,44,153
NEKrGstnGv,29,661
BscSEiTIjn,25,726
gPIQqGSepm,54,425
ZJdMxpokho,22,842
LZeyWSwawF,6,432
jTEPwVkvnb,48,820
PodjcCPIMF,72,832
ntFvqDdwtH,98,800
x,90,865
BjOvbHegiS,56,830
eNYzgiMwim,82,809
UloDLNyLU,92,298
ExtHcbRgWD,29,803
pKkCzZOYrL,46,781
fMggICRFXs,74,473
NcXgNqHplL,30,450
cRGENzrACJ,70,871
lglHZDoNkV,12,471
sysAAJktot,5,795
VdmpxQFjdS,69,467
OTAwWOsfZd,24,261
eMMYhTHGff,21,545
JgcibEOGVx,48,386
mkgHoATAuj,59,513
iYMjAodeqN,27,664
iQvhTpvemR,9,314
OBpXFJZVLa,76,889
gPmLPSfQjd,73,216
rwDwFYzZaw,2,390
gZyBrfmGFS,19,338
EpMvUJkIin,59,842
DGPkUgnRLN,35,546
JjGLuYPoOE,58,477
glxwXAtPOz,48,696
YOcGJKugAe,98,474
wyfhTdxoUJ,93,718
QECE,55,257
ctyMvJnpRA,91,284
IkAmlmxWOJ,40,584
KztnWUhYrV,21,921
jkwYwhwdXp,59,537
gHeoXMGEon,25,746
ckLmvVsCTs,6,884
MAveAOkenG,82,443
BxvyuAqsVa,22,871
uHigDbevea,53,331
BflkcMyftc,40,533
ITVZfKqwrD,52,557
qyJQNmyotW,73,157
EzAWfjlIkA,12,208
nSIMTrVddj,94,989
wtXFaWnTYZ,61,191
nHIlSMeElc,39,982
fpmZuvKAcT,6,660
OEsWjjFFGr,39,404
KfUeElXrJo,64,327
nKHchqmrxz,91,315
mgbwhYblug,4,199
kQoLkTs,85,955
mYwKBXiUXD,73,680
rfubgwqfbU,85,475
hKFrgpeyKF,90,913
HJEptcNlqc,29,860
otQpxFoWiY,74,415
UojuYbEdlA,51,422
cqtyRLWOHn,31,798
oAhpqPTbGW,95,624
NQqwUyMgeP,37,235
YRQXjJCSaY,57,642
FQpAHYESOp,93,103
MmrWiYtoTl,12,286
kGuFOvqVVn,68,316
WZrmbWMRcK,92,854
snLXeKPlkp,87,154
SnbcVCwYLO,15,777
aRPPXFCVll,41,511
PfPpkTUPlH,10,277
SIhvTDJEvB,49,435
x,68,505
gDZahnsFwb,95,979
SAKkEtHrrL,37,232
UayuZgpJag,40,753
AHZlb,64,175
LuTp,61,395
zHuwmpxwtG,85,192
pQENYAIniK,98,952
UhcqOTMGkh,10,954
OKTwxSZKhB,89,924
jOLKTGQYYw,43,119
rtkAKuNPbn,18,174
NQYhBRB,52,579
grMLYJWbnC,65,715
HlvXdBpEQm,33,539
NpexIcBSpK,13,406
GyCXSajhWs,69,851
OkCtSzlbNe,83,380
RFMYXbHXHU,54,485
dIquCSpy,29,878
JQhdmTNHLQ,12,649
GrLWBDXLFN,37,783
UUjGdnoxyi,70,851
haUYk,2,512
YEFlDVlJAZ,59,268
qhtNupTQOQ,65,620
GHGtOwKAGY,37,888
lBqyoZVvID,40,450
sfTUijZXQT,1,939
RMqiDNhbGX,34,416
NUGpsfECEF,42,881
ENffAkMMR,76,125
MPebTCyDVC,29,322
ARobkxfywk,99,557
JcRxIwLBPR,27,200
XbxfPhburF,80,579
XirWRE,24,889
kW,44,969
tsfqVCpaWa,46,634
iPBfG,35,138
ruBQAGBUSp,12,534
fjsBRAKGdW,72,998
SjHVzUitdw,8,650
NlAuxNqsrq,16,985
E,90,847
xlQrwgXJzY,40,536
qcLMMXBFKg,15,656
SEtCavECDE,41,773
kPsJiFrJNr,16,743
BBhBcMKFXg,17,289
zLYApyTGkr,45,751
VcCKjgnfvz,91,829
DzciMZmgMH,60,426
qmpDoAyfMh,5,335
QFpQsNrMMz,76,297
nBIQKzLvs,46,683
RwjIRztEqn,36,740
XokNaDUuhp,51,504
bLMCpjycpA,3,664
jJZIGbXvWu,73,988
VWeZArPSYU,88,434
UStCqyftkV,42,679
BeYiZDhnCW,99,870
hwSaKOqbFh,48,995
aSGP,47,696
fKdYMPUzPm,38,359
BsLFVdZHjt,66,716
qMcHGOClPc,56,890
qctuussnDA,30,917
vqSTOonvkU,71,811
hUfmvlxpUi,77,749
rMctpzZITS,61,281
KljvasSMZK,88,215
BctrceSvJE,32,645
lajtuiZrzf,38,862
nntPSzXfXV,68,124
TI,67,132
pCwubWGqet,26,337
YzucvTaMZZ,12,884
KHUyIyRqcE,40,290
oYZSTHxjig,45,226
qfyaxoVzUg,34,376
EJpzRXFKJZ,30,662
QpaNbNQKcX,70,768
ooaCqldhCE,35,360
JtZxTeQRbl,86,695
i,55,291
RzIPqsLauY,4,638
zHPMwpmQGY,50,766
KxtYTYwchA,47,979
didnTXjYuu,95,359
LIfLCMVbPS,15,675
AoqWZv,10,964
saaVOxqHrp,85,233
CtlIijnWKV,100,488
WrKPNGVOeQ,29,218
XKYfbzpLoW,84,351
oKoiJQRANw,79,521
PybKtLXIxu,19,753
CNEpuPLLDO,3,938
EoGZPAZBQX,95,189
kgssexXJnj,37,217
CuTsWyzDsB,52,858
Hkd,29,120
BXdaPVSlnU,50,339
UN,54,451
smGDPVwkGV,88,898
NcrTkLVlWx,63,739
YHzaPTzwIb,5,663
RkGVlCnWtc,7,246
NTunFLwvmQ,9,585
HPFtdBrMVW,91,672
ezNVAJbPdj,57,387
FcyiMNLOlW,8,993
LqUQThMsNr,89,767
TvBfiAdOgv,51,988
XJKmkxshLQ,53,304
SojGQQKktP,56,231
khTerdHWSF,47,455
dXLfLcQWfO,91,121
ybcipNAEjy,41,888
UAuiuhGvZC,39,692
ZAjvFKDQMV,5,679
oawjHkhihI,8,106
MjcXbjMMWu,24,326
MrFaKPuRlb,96,785
arAaBNNfPm,24,408
cPgChSQxuM,80,645
YKgJHseWzd,87,523
VhcYNsgYLn,82,549
kqkesAhkxs,13,894
llJUNTdknh,55,877
NpVyvFWZBp,73,990
lEJkOVwuWR,80,846
fJLqDOEkxf,87,132
MrKdJASFvz,78,283
HDTMjvctXj,68,685
rtIfqxzodZ,53,236
LEwpdNqTHt,66,357
eURH,89,691
iNAwbhyenr,66,659
XTyKJJjYod,14,971
nUWRSRdCkG,61,624
hAiIv,48,392
QMnMbROVcD,70,859
XLyLJGoBuy,44,296
svhjjmRGPc,14,374
aAIRMozTPB,84,517
viwn,27,271
qJYgph,80,237
LUIMNQJfgI,28,796
RvRgXeCSBO,78,535
KEMpFHoFOR,56,737
zDtzWVXjWt,64,942
hKixVivVRl,80,913
FHVLDfRjce,14,289
bvuGpXsaiR,85,831
BKsCWaTXyP,29,840
blGHXaCrup,40,785
kjFvMTmN,19,117
GQr,91,104
tlQAztagnr,35,463
hIZhzeqAVp,63,804
RhpmnAsbqL,71,867
xvbqvJTlRn,35,308
naotx,87,742
CvGEUGMMsB,57,176
ZnfbYOeEng,69,627
tFaQLeNivI,98,928
KirBqFmlNE,44,909
guylLXXvgB,76,972
SlBrRGZSeZ,92,541
EFyHtmauio,62,733
vWcXSzclcF,95,989
ojRIfxcxjy,71,450
wGBYtlTBXS,19,219
ASMksMnlGi,69,453
qIDTRgnoxf,100,287
tMcUqQGnhi,72,491
rtlDiaFGDd,43,910
jdyQJOTTDd,48,260
fBlVMIzyAR,2,254
AqygXYITpF,55,507
UyKxD,58,895
qApPDFJrRc,88,462
ZqlCJEPwfG,58,349
DZTeCgHmcZ,70,860
FsZOJkJVce,57,624
XJbzWxECqo,56,194
icTJvPffnH,11,561
mnEqYUusfq,48,436
PowMWkykxk,63,897
pKuvUqqzXB,78,363
pTmsjbiXho,56,925
BNgDHNaSjN,87,865
IDnBlatsLT,78,910
DqlBfaJjQa,52,539
ZyJtrwDxkj,68,306
JkZjpQPONU,1,281
UBdlMkGoYe,56,722
PkTpfflgUL,85,341
rIVIGBoDAW,62,772
okLLKBPwCN,92,842
cnFwHmXziV,11,807
kuaBxp,56,692
djBuUyzExu,68,668
uVEdYwcZJQ,95,322
AQQrGEAlro,89,307
rLUeMclBiq,23,436
LISHgGgsWB,39,564
OYMQlmVpRZ,21,673
AgaxCVmjdf,52,798
pvqmIJeuvA,24,890
tlGTsuuPhp,43,545
LYQHbBdgMv,86,715
ZwvXotBctW,33,182
EctseblsFp,90,450
